{
    "views": 532738.0,
    "likes": 18895.306640625,
    "engagement": 0.04514911025762558
}